id,c2,c3,c4,c5,c6,c7,c8,c9,c10
1,Dummy description,Dummy description,Dummy description,Dummy description,Dummy description,Dummy description,Dummy description,Dummy description,Dummy description
2,Dummy description,Dummy description,Dummy description,Dummy description,Dummy description,Dummy description,Dummy description,Dummy description,Dummy description
3,Dummy description,Dummy description,Dummy description,Dummy description,Dummy description,Dummy description,Dummy description,Dummy description,Dummy description
4,Dummy description,Dummy description,Dummy description,Dummy description,Dummy description,Dummy description,Dummy description,Dummy description,Dummy description
5,Dummy description,Dummy description,Dummy description,Dummy description,Dummy description,Dummy description,Dummy description,Dummy description,Dummy description
6,Dummy description,Dummy description,Dummy description,Dummy description,Dummy description,Dummy description,Dummy description,Dummy description,Dummy description
7,Dummy description,Dummy description,Dummy description,Dummy description,Dummy description,Dummy description,Dummy description,Dummy description,Dummy description
8,Dummy description,Dummy description,Dummy description,Dummy description,Dummy description,Dummy description,Dummy description,Dummy description,Dummy description
9,Dummy description,Dummy description,Dummy description,Dummy description,Dummy description,Dummy description,Dummy description,Dummy description,Dummy description
10,Dummy description,Dummy description,Dummy description,Dummy description,Dummy description,Dummy description,Dummy description,Dummy description,Dummy description